ID,优先级,下载决策,队列属性,二级分类,数据集,服务器状态,已取得独立raw,精确时长已审计,已审计时长(h),文献时长(h),实体大小(GB),访问方式,下载方法,官方入口,申请/登录页面,建议路径,决策理由/下一步
EEG-0144,P0,已下载·待信号/时长审计,健康/人群,Sleep_and_Insomnia,Sleep-EDF (Expanded),COMPLETED,是,否,,3575.5916666666667,8.715274636,公开/登录后下载,PhysioNet：wget -r -N -c -np https://physionet.org/content/sleep-edfx/1.0.0/,https://physionet.org/content/sleep-edfx/1.0.0/,,03_Consciousness_and_State/Sleep_Staging/Sleep-EDF_Expanded,无需重复下载；补做 EEG 文件识别、subjects 和 duration 审计。
EEG-0122,P0,已下载·待信号/时长审计,健康/人群,Sleep_Health_and_PSG,Dreem Open Dataset – Healthy (DOD-H),COMPLETED_DIRECT_20260823,是,否,,205.54166666666666,21.872016312,公开/登录后下载,Zenodo 官方文件下载/API,https://zenodo.org/records/15900394,,08_Health_and_Population/Sleep_Health_and_PSG/Dreem_Open_Dataset_Healthy_DOD-H,无需重复下载；补做 EEG 文件识别、subjects 和 duration 审计。
EEG-0606,P0,下载中,疾病/临床,Sleep_Disordered_Breathing,UCDDB Sleep Apnea Database,NOT_IN_SERVER_AUDIT,否,否,,173.24166666666667,,公开/登录后下载,PhysioNet：wget -r -N -c -np https://physionet.org/content/ucddb/1.0.0/,https://physionet.org/content/ucddb/1.0.0/,,02_Healthcare_and_Disease/Sleep_Disordered_Breathing/UCDDB,SeaWulf Slurm 任务 2133731 正在续传；完成后立即运行 subjects / duration 文件级审计。
EEG-0345,P0,已下载·待信号/时长审计,健康/人群,Developmental_Clinical_Cohort,HBN-EEG Release 1,COMPLETED,是,否,,117.5,110.710683953,公开/登录后下载,OpenNeuro 官方页面或 BIDS/OpenNeuro 下载工具,https://openneuro.org/datasets/ds005505,,08_Health_and_Population/Developmental_Clinical_Cohort/HBN_EEG_R1_ds005505,无需重复下载；补做 EEG 文件识别、subjects 和 duration 审计。
EEG-0586,P0,已下载·待信号/时长审计,疾病/临床,帕金森病,Singh2021,COMPLETED_DIRECT_20260823,是,否,,58,23.488664219,公开/登录后下载,Hugging Face：huggingface-cli download 或 Git LFS,https://huggingface.co/datasets/jalauer/Singh2021,,02_Healthcare_and_Disease/Neurological_Disorders/Singh2021,无需重复下载；补做 EEG 文件识别、subjects 和 duration 审计。
EEG-0583,P0,已下载·待信号/时长审计,疾病/临床,精神分裂症,Albrecht2019,COMPLETED_DIRECT_20260823,是,否,,51,28.914297378,公开/登录后下载,Hugging Face：huggingface-cli download 或 Git LFS,https://huggingface.co/datasets/jalauer/Albrecht2019,,02_Healthcare_and_Disease/Mental_and_Developmental_Disorders/Albrecht2019,无需重复下载；补做 EEG 文件识别、subjects 和 duration 审计。
EEG-0584,P0,已下载·待信号/时长审计,健康/人群,精神健康风险表型,Gruendler2009,COMPLETED_DIRECT_20260823,是,否,,22,7.38592556,公开/登录后下载,Hugging Face：huggingface-cli download 或 Git LFS,https://huggingface.co/datasets/jalauer/Gruendler2009,,08_Health_and_Population/Mental_Health_Risk_Phenotype/Gruendler2009,无需重复下载；补做 EEG 文件识别、subjects 和 duration 审计。
EEG-0585,P0,已下载·待信号/时长审计,疾病/临床,帕金森病,Singh2020,COMPLETED_DIRECT_20260823,是,否,,7,4.068828665,公开/登录后下载,Hugging Face：huggingface-cli download 或 Git LFS,https://huggingface.co/datasets/jalauer/Singh2020,,02_Healthcare_and_Disease/Neurological_Disorders/Singh2020,无需重复下载；补做 EEG 文件识别、subjects 和 duration 审计。
EEG-0093,P0,已下载·待信号/时长审计,疾病/临床,Neurological_Disorders,EEG Mortality Dataset in Parkinson's Disease,COMPLETED_DIRECT_20260823,是,否,,,1.870057343,公开/登录后下载,OpenNeuro 官方页面或 BIDS/OpenNeuro 下载工具,https://openneuro.org/datasets/ds007020/versions/1.0.0,,02_Biometrics_and_Disease/Neurological_Disorders/PD-Mortality,无需重复下载；补做 EEG 文件识别、subjects 和 duration 审计。
EEG-0113,P0,已下载·待信号/时长审计,健康/人群,Sleep_Health_and_PSG,BOAS,COMPLETED,是,否,,,35.922487667,公开/登录后下载,OpenNeuro 官方页面或 BIDS/OpenNeuro 下载工具,https://openneuro.org/datasets/ds005555,,03_Consciousness_and_State/Sleep_Staging/BOAS,无需重复下载；补做 EEG 文件识别、subjects 和 duration 审计。
EEG-0114,P0,已下载·待信号/时长审计,疾病/临床,Clinical_Sleep_and_PSG,CAP Sleep Database,COMPLETED,是,否,,,43.071893776,公开/登录后下载,PhysioNet：wget -r -N -c -np https://physionet.org/content/capslpdb/1.0.0/,https://physionet.org/content/capslpdb/1.0.0/,,03_Consciousness_and_State/Sleep_Staging/CAP_Sleep_Database,无需重复下载；补做 EEG 文件识别、subjects 和 duration 审计。
EEG-0121,P0,已下载·待信号/时长审计,健康/人群,Sleep_Health_and_PSG,DREAMS-SUB (DREAMS Subjects Database),COMPLETED,是,否,,,4.259327851,公开/登录后下载,缺少有效入口；先补入口,,,03_Consciousness_and_State/Sleep_Staging/DREAMS-SUB_DREAMS_Subjects_Database,无需重复下载；补做 EEG 文件识别、subjects 和 duration 审计。
EEG-0123,P0,已下载·待信号/时长审计,健康/人群,Sleep_Health_and_PSG,Ear-EEG Sleep Monitoring 2017,COMPLETED,是,否,,,13.210689017,公开/登录后下载,OpenNeuro 官方页面或 BIDS/OpenNeuro 下载工具,https://openneuro.org/datasets/ds004348/versions/1.0.5,,03_Consciousness_and_State/Sleep_Staging/Ear-EEG_Sleep_Monitoring_2017,无需重复下载；补做 EEG 文件识别、subjects 和 duration 审计。
EEG-0124,P0,已下载·待信号/时长审计,健康/人群,Sleep_Health_and_PSG,EESM23 (Ear-EEG Sleep Monitoring),COMPLETED,是,否,,,95.116020667,公开/登录后下载,OpenNeuro 官方页面或 BIDS/OpenNeuro 下载工具,https://openneuro.org/datasets/ds005178/versions/1.0.0,,03_Consciousness_and_State/Sleep_Staging/EESM23_Ear-EEG_Sleep_Monitoring,无需重复下载；补做 EEG 文件识别、subjects 和 duration 审计。
EEG-0125,P0,下载中,疾病/临床,Clinical_Sleep_Disorders,HMC (Haaglanden),DISCOVERED_NOT_COMPLETED,否,否,,,,公开/登录后下载,PhysioNet：wget -r -N -c -np https://physionet.org/content/hmc-sleep-staging/1.1/,https://physionet.org/content/hmc-sleep-staging/1.1/,,02_Healthcare_and_Disease/Clinical_Sleep_Disorders/HMC_Haaglanden,SeaWulf Slurm 任务 2133731 正在续传；完成后立即运行 subjects / duration 文件级审计。
EEG-0138,P0,已下载·待信号/时长审计,健康/人群,Sleep_Health_and_PSG,OpenNeuro ds003768 simultaneous EEG-fMRI sleep,COMPLETED,是,否,,,312.924643894,公开/登录后下载,OpenNeuro 官方页面或 BIDS/OpenNeuro 下载工具,https://openneuro.org/datasets/ds003768,,03_Consciousness_and_State/Sleep_Staging/OpenNeuro_ds003768_simultaneous_EEG-fMRI_sleep,无需重复下载；补做 EEG 文件识别、subjects 和 duration 审计。
EEG-0143,P0,已下载·待信号/时长审计,健康/人群,Sleep_Health_and_PSG,Sleep-Deprivation (resting),COMPLETED,是,否,,,8.900349601,公开/登录后下载,OpenNeuro 官方页面或 BIDS/OpenNeuro 下载工具,https://openneuro.org/datasets/ds004902,,03_Consciousness_and_State/Sleep_Staging/Sleep-Deprivation_resting,无需重复下载；补做 EEG 文件识别、subjects 和 duration 审计。
EEG-0493,P0,已下载·待信号/时长审计,疾病/临床,Cross_Diagnostic_Clinical,ADSZ,COMPLETED,是,否,,,0.018289919,公开/登录后下载,Figshare 官方文件下载/API,https://figshare.com/articles/dataset/Alzheimer_s_disease_and_Schizophrenia/19091771,,03_Consciousness_and_State/Resting_State/ADSZ,无需重复下载；补做 EEG 文件识别、subjects 和 duration 审计。
EEG-0140,P1,可直接下载,疾病/临床,Clinical_Sleep_and_PSG,PhysioNet Challenge 2018 Sleep Arousal Database,DISCOVERED_NOT_COMPLETED,否,否,,7061.216666666666,,公开/登录后下载,PhysioNet：wget -r -N -c -np https://physionet.org/content/challenge-2018/1.0.0/,https://physionet.org/content/challenge-2018/1.0.0/,,03_Consciousness_and_State/Sleep_Staging/PhysioNet_Challenge_2018_Sleep_Arousal_Database,从官方入口下载；完成后写入服务器状态并运行 subjects/duration 审计。
EEG-0603,P1,可直接下载,疾病/临床,Clinical_Sleep_Disorders,DCSM Sleep Staging Dataset,NOT_IN_SERVER_AUDIT,否,否,,4824.491666666667,,公开/登录后下载,打开官方入口并按页面说明下载,https://erda.ku.dk/public/archives/db553715ecbe1f3ac66c1dc569826eef/published-archive.html,,02_Healthcare_and_Disease/Clinical_Sleep_Disorders/DCSM,从官方入口下载；完成后写入服务器状态并运行 subjects/duration 审计。
EEG-0608,P1,可直接下载,疾病/临床,Sleep_Disordered_Breathing,Dreem Open Dataset – Obstructive (DOD-O),NOT_IN_SERVER_AUDIT,否,否,,451.64166666666665,,公开/登录后下载,Zenodo 官方文件下载/API,https://zenodo.org/records/15900394,,02_Healthcare_and_Disease/Sleep_Disordered_Breathing/Dreem_Open_Dataset_Obstructive_DOD-O,从官方入口下载；完成后写入服务器状态并运行 subjects/duration 审计。
EEG-0596,P1,可直接下载,健康/人群,Developmental_Clinical_Cohort,HBN-EEG Release 4,NOT_IN_SERVER_AUDIT,否,否,,261.8,,公开/登录后下载,OpenNeuro 官方页面或 BIDS/OpenNeuro 下载工具,https://openneuro.org/datasets/ds005508,,08_Health_and_Population/Developmental_Clinical_Cohort/HBN_EEG_R4_ds005508,从官方入口下载；完成后写入服务器状态并运行 subjects/duration 审计。
EEG-0597,P1,可直接下载,健康/人群,Developmental_Clinical_Cohort,HBN-EEG Release 5,NOT_IN_SERVER_AUDIT,否,否,,255.3,,公开/登录后下载,OpenNeuro 官方页面或 BIDS/OpenNeuro 下载工具,https://openneuro.org/datasets/ds005509,,08_Health_and_Population/Developmental_Clinical_Cohort/HBN_EEG_R5_ds005509,从官方入口下载；完成后写入服务器状态并运行 subjects/duration 审计。
EEG-0601,P1,可直接下载,健康/人群,Developmental_Clinical_Cohort,HBN-EEG Release 9,NOT_IN_SERVER_AUDIT,否,否,,210.8,,公开/登录后下载,OpenNeuro 官方页面或 BIDS/OpenNeuro 下载工具,https://openneuro.org/datasets/ds005514,,08_Health_and_Population/Developmental_Clinical_Cohort/HBN_EEG_R9_ds005514,从官方入口下载；完成后写入服务器状态并运行 subjects/duration 审计。
EEG-0600,P1,可直接下载,健康/人群,Developmental_Clinical_Cohort,HBN-EEG Release 8,NOT_IN_SERVER_AUDIT,否,否,,179.1,,公开/登录后下载,OpenNeuro 官方页面或 BIDS/OpenNeuro 下载工具,https://openneuro.org/datasets/ds005512,,08_Health_and_Population/Developmental_Clinical_Cohort/HBN_EEG_R8_ds005512,从官方入口下载；完成后写入服务器状态并运行 subjects/duration 审计。
EEG-0595,P1,可直接下载,健康/人群,Developmental_Clinical_Cohort,HBN-EEG Release 3,NOT_IN_SERVER_AUDIT,否,否,,158.8,,公开/登录后下载,OpenNeuro 官方页面或 BIDS/OpenNeuro 下载工具,https://openneuro.org/datasets/ds005507,,08_Health_and_Population/Developmental_Clinical_Cohort/HBN_EEG_R3_ds005507,从官方入口下载；完成后写入服务器状态并运行 subjects/duration 审计。
EEG-0594,P1,可直接下载,健康/人群,Developmental_Clinical_Cohort,HBN-EEG Release 2,NOT_IN_SERVER_AUDIT,否,否,,127.5,,公开/登录后下载,OpenNeuro 官方页面或 BIDS/OpenNeuro 下载工具,https://openneuro.org/datasets/ds005506,,08_Health_and_Population/Developmental_Clinical_Cohort/HBN_EEG_R2_ds005506,从官方入口下载；完成后写入服务器状态并运行 subjects/duration 审计。
EEG-0598,P1,可直接下载,健康/人群,Developmental_Clinical_Cohort,HBN-EEG Release 6,NOT_IN_SERVER_AUDIT,否,否,,103.5,,公开/登录后下载,OpenNeuro 官方页面或 BIDS/OpenNeuro 下载工具,https://openneuro.org/datasets/ds005510,,08_Health_and_Population/Developmental_Clinical_Cohort/HBN_EEG_R6_ds005510,从官方入口下载；完成后写入服务器状态并运行 subjects/duration 审计。
EEG-0058,P1,登录后可下载,疾病/临床,Mental_and_Developmental_Disorders,MODMA,MANUAL_APPLICATION_OR_LOGIN,否,否,,,,需要申请,打开官方入口并按页面说明下载,http://modma.lzu.edu.cn/data/index/,https://modma.lzu.edu.cn/data/application/,02_Biometrics_and_Disease/Mental_and_Developmental_Disorders/MODMA,MODMA 下载权限已获批（ID 13/14/17）；入口在 2026-08-23 双端复测恢复，重新登录后下载 4.8 GB ERP、2.2 GB 128-ch resting 和 142 MB 3-ch resting。
EEG-0102,P1,登录后可下载,疾病/临床,Clinical_Abnormalities,BrainLat (Latin American EEG),FAILED_DISCOVERY,否,否,,,,需要申请,Synapse 登录后从数据目录同步 EEG 文件,https://doi.org/10.7303/syn51549340,https://www.synapse.org/Synapse:syn51549340/wiki/624187,02_Biometrics_and_Disease/Clinical_Abnormalities/BrainLat_Latin_American_EEG,注册/登录 Synapse；EEG 数据目录可直接取得，MRI 权限另算。
EEG-0519,P1,登录后可下载,健康/人群,Lifespan_and_Normative,Cuban Human Brain Mapping Project (CHBMP),MANUAL_APPLICATION_OR_LOGIN,否,否,,,,需要申请,打开官方入口并按页面说明下载,https://chbmp-open.loris.ca/,https://chbmp-open.loris.ca/,02_Biometrics_and_Disease/Development_and_Lifespan/Cuban_Human_Brain_Mapping_Project_CHBMP,CHBMP LORIS 账号已开通；已核验 250 条 raw EEG session，首批 32 条已下载并在服务器解包，后续按登录态续传。
EEG-0599,P1,可直接下载,健康/人群,Developmental_Clinical_Cohort,HBN-EEG Release 7,NOT_IN_SERVER_AUDIT,否,否,,,,公开/登录后下载,OpenNeuro 官方页面或 BIDS/OpenNeuro 下载工具,https://openneuro.org/datasets/ds005511,,08_Health_and_Population/Developmental_Clinical_Cohort/HBN_EEG_R7_ds005511,从官方入口下载；完成后写入服务器状态并运行 subjects/duration 审计。
EEG-0604,P1,可直接下载,疾病/临床,Sleep_and_Cognitive_Impairment,George B. Moody PhysioNet Challenge 2026 (PN2026),NOT_IN_SERVER_AUDIT,否,否,,,,公开/登录后下载,PhysioNet：wget -r -N -c -np https://moody-challenge.physionet.org/2026/,https://moody-challenge.physionet.org/2026/,,02_Healthcare_and_Disease/Sleep_and_Cognitive_Impairment/PN2026,从官方入口下载；完成后写入服务器状态并运行 subjects/duration 审计。
EEG-0150,P2,公开入口·需人工复核,疾病/临床,重症监护与昏迷,I-CARE,FAILED_DISCOVERY,否,否,,56676,,公开/登录后下载,BDSP：完成 credentialing/DUA 后使用 credentialed AWS CLI,https://bdsp.io/content/bdsp-icare/2.0/,,02_Healthcare_and_Disease/Critical_Care_and_Coma/I-CARE,自动下载未完成；人工打开官方入口，确认真实文件链接后再下载。
EEG-0086,P2,已申请·等待访问,健康/人群,Sleep_and_Cardiometabolic,MESA Sleep,MANUAL_APPLICATION_OR_LOGIN,否,否,,21721.175,,公开/登录后下载,NSRR：审批后用 nsrr download 或网页批量下载,https://sleepdata.org/datasets/mesa,https://sleepdata.org/data/requests/mesa/start,02_Biometrics_and_Disease/Neurological_Disorders/MESA_Sleep,MESA Sleep 已提交 NSRR 申请；等待审批结果，若明确拒绝则转为舍弃。
EEG-0128,P2,公开入口·需人工复核,疾病/临床,Clinical_Sleep_Disorders,ISRUC-Sleep,FAILED_DISCOVERY,否,否,,777.75,,公开/登录后下载,打开官方入口并按页面说明下载,https://sleeptight.isr.uc.pt/,,03_Consciousness_and_State/Sleep_Staging/ISRUC-Sleep,自动下载未完成；人工打开官方入口，确认真实文件链接后再下载。
EEG-0012,P2,已申请·等待访问,疾病/临床,Epilepsy_and_Abnormalities,Harvard EEG Database,MANUAL_APPLICATION_OR_LOGIN,否,否,,,,需要申请,BDSP：完成 credentialing/DUA 后使用 credentialed AWS CLI,https://bdsp.io/content/harvard-eeg-db/,https://bdsp.io/register/,02_Biometrics_and_Disease/Epilepsy_and_Abnormalities/Harvard_EEG_Database,已提交 BDSP credentialing/DUA；等待 Harvard EEG 权限。
EEG-0020,P2,已申请·等待访问,疾病/临床,Epilepsy_and_Abnormalities,MORGOTH HEP,MANUAL_APPLICATION_OR_LOGIN,否,否,,,,需要申请,BDSP：完成 credentialing/DUA 后使用 credentialed AWS CLI,https://bdsp.io/content/morgoth1/1.0.0/,https://bdsp.io/register/,02_Biometrics_and_Disease/Epilepsy_and_Abnormalities/MORGOTH_HEP,已提交 BDSP credentialing/DUA；获批后用 credentialed S3 入口同步 MORGOTH。
EEG-0021,P2,已申请·等待访问,疾病/临床,Epilepsy_and_Abnormalities,MORGOTH IIIC-Test,MANUAL_APPLICATION_OR_LOGIN,否,否,,,,需要申请,BDSP：完成 credentialing/DUA 后使用 credentialed AWS CLI,https://bdsp.io/content/morgoth1/1.0.0/,https://bdsp.io/register/,02_Biometrics_and_Disease/Epilepsy_and_Abnormalities/MORGOTH_IIIC-Test,已提交 BDSP credentialing/DUA；获批后用 credentialed S3 入口同步 MORGOTH。
EEG-0022,P2,已申请·等待访问,疾病/临床,Epilepsy_and_Abnormalities,MORGOTH IIIC-Train,MANUAL_APPLICATION_OR_LOGIN,否,否,,,,需要申请,BDSP：完成 credentialing/DUA 后使用 credentialed AWS CLI,https://bdsp.io/content/morgoth1/1.0.0/,https://bdsp.io/register/,02_Biometrics_and_Disease/Epilepsy_and_Abnormalities/MORGOTH_IIIC-Train,已提交 BDSP credentialing/DUA；获批后用 credentialed S3 入口同步 MORGOTH。
EEG-0023,P2,已申请·等待访问,疾病/临床,Epilepsy_and_Abnormalities,MORGOTH MoE-External,MANUAL_APPLICATION_OR_LOGIN,否,否,,,,需要申请,BDSP：完成 credentialing/DUA 后使用 credentialed AWS CLI,https://bdsp.io/content/morgoth1/1.0.0/,https://bdsp.io/register/,02_Biometrics_and_Disease/Epilepsy_and_Abnormalities/MORGOTH_MoE-External,已提交 BDSP credentialing/DUA；获批后用 credentialed S3 入口同步 MORGOTH。
EEG-0024,P2,已申请·等待访问,疾病/临床,Epilepsy_and_Abnormalities,MORGOTH MoE-Internal,MANUAL_APPLICATION_OR_LOGIN,否,否,,,,需要申请,BDSP：完成 credentialing/DUA 后使用 credentialed AWS CLI,https://bdsp.io/content/morgoth1/1.0.0/,https://bdsp.io/register/,02_Biometrics_and_Disease/Epilepsy_and_Abnormalities/MORGOTH_MoE-Internal,已提交 BDSP credentialing/DUA；获批后用 credentialed S3 入口同步 MORGOTH。
EEG-0025,P2,已申请·等待访问,疾病/临床,Epilepsy_and_Abnormalities,MORGOTH ON,MANUAL_APPLICATION_OR_LOGIN,否,否,,,,需要申请,BDSP：完成 credentialing/DUA 后使用 credentialed AWS CLI,https://bdsp.io/content/morgoth1/1.0.0/,https://bdsp.io/register/,02_Biometrics_and_Disease/Epilepsy_and_Abnormalities/MORGOTH_ON,已提交 BDSP credentialing/DUA；获批后用 credentialed S3 入口同步 MORGOTH。
EEG-0026,P2,已申请·等待访问,疾病/临床,Epilepsy_and_Abnormalities,MORGOTH SAI,MANUAL_APPLICATION_OR_LOGIN,否,否,,,,需要申请,BDSP：完成 credentialing/DUA 后使用 credentialed AWS CLI,https://bdsp.io/content/morgoth1/1.0.0/,https://bdsp.io/register/,02_Biometrics_and_Disease/Epilepsy_and_Abnormalities/MORGOTH_SAI,已提交 BDSP credentialing/DUA；获批后用 credentialed S3 入口同步 MORGOTH。
EEG-0027,P2,已申请·等待访问,疾病/临床,Epilepsy_and_Abnormalities,MORGOTH SN2-Test,MANUAL_APPLICATION_OR_LOGIN,否,否,,,,需要申请,BDSP：完成 credentialing/DUA 后使用 credentialed AWS CLI,https://bdsp.io/content/morgoth1/1.0.0/,https://bdsp.io/register/,02_Biometrics_and_Disease/Epilepsy_and_Abnormalities/MORGOTH_SN2-Test,已提交 BDSP credentialing/DUA；获批后用 credentialed S3 入口同步 MORGOTH。
EEG-0028,P2,已申请·等待访问,疾病/临床,Epilepsy_and_Abnormalities,MORGOTH SN2-Train,MANUAL_APPLICATION_OR_LOGIN,否,否,,,,需要申请,BDSP：完成 credentialing/DUA 后使用 credentialed AWS CLI,https://bdsp.io/content/morgoth1/1.0.0/,https://bdsp.io/register/,02_Biometrics_and_Disease/Epilepsy_and_Abnormalities/MORGOTH_SN2-Train,已提交 BDSP credentialing/DUA；获批后用 credentialed S3 入口同步 MORGOTH。
EEG-0043,P2,已申请·等待访问,疾病/临床,Neurodegenerative_Disorders,CAUEEG,MANUAL_REVIEW_REQUIRED,否,否,,,,公开/登录后下载,GitHub release/仓库说明中的官方数据入口,https://github.com/ipis-mjkim/caueeg-dataset,https://github.com/ipis-mjkim/caueeg-dataset,02_Biometrics_and_Disease/Neurodegenerative_Disorders/CAUEEG,已提交 CAUEEG 申请；需本地伦理批准，等待邮件下载链接和密码。
EEG-0103,P2,已申请·等待访问,疾病/临床,Clinical_Abnormalities,MORGOTH HEEDB-Pretrain,MANUAL_APPLICATION_OR_LOGIN,否,否,,,,需要申请,BDSP：完成 credentialing/DUA 后使用 credentialed AWS CLI,https://bdsp.io/content/morgoth1/1.0.0/,https://bdsp.io/register/,02_Biometrics_and_Disease/Clinical_Abnormalities/MORGOTH_HEEDB-Pretrain,已提交 BDSP credentialing/DUA；获批后用 credentialed S3 入口同步 MORGOTH。
EEG-0104,P2,已申请·等待访问,疾病/临床,Clinical_Abnormalities,MORGOTH HEEDB-Test,MANUAL_APPLICATION_OR_LOGIN,否,否,,,,需要申请,BDSP：完成 credentialing/DUA 后使用 credentialed AWS CLI,https://bdsp.io/content/morgoth1/1.0.0/,https://bdsp.io/register/,02_Biometrics_and_Disease/Clinical_Abnormalities/MORGOTH_HEEDB-Test,已提交 BDSP credentialing/DUA；获批后用 credentialed S3 入口同步 MORGOTH。
EEG-0105,P2,已申请·等待访问,疾病/临床,Clinical_Abnormalities,MORGOTH HEEDB-Train,MANUAL_APPLICATION_OR_LOGIN,否,否,,,,需要申请,BDSP：完成 credentialing/DUA 后使用 credentialed AWS CLI,https://bdsp.io/content/morgoth1/1.0.0/,https://bdsp.io/register/,02_Biometrics_and_Disease/Clinical_Abnormalities/MORGOTH_HEEDB-Train,已提交 BDSP credentialing/DUA；获批后用 credentialed S3 入口同步 MORGOTH。
EEG-0106,P2,公开入口·需人工复核,疾病/临床,Clinical_Abnormalities,NMT Scalp EEG Dataset,MANUAL_REVIEW_REQUIRED,否,否,,,,公开/登录后下载,GitHub release/仓库说明中的官方数据入口,https://github.com/dll-ncai/eeg_pre-diagnostic_screening,,02_Biometrics_and_Disease/Clinical_Abnormalities/NMT_Scalp_EEG_Dataset,自动下载未完成；人工打开官方入口，确认真实文件链接后再下载。
EEG-0110,P2,公开入口·需人工复核,健康/人群,Sleep_Health_and_PSG,ANPHY-Sleep,FAILED_DISCOVERY,否,否,,,,公开/登录后下载,OSF 官方项目文件下载,https://doi.org/10.17605/OSF.IO/R26FH,,03_Consciousness_and_State/Sleep_Staging/ANPHY-Sleep,自动下载未完成；人工打开官方入口，确认真实文件链接后再下载。
EEG-0131,P2,已申请·等待访问,疾病/临床,Clinical_Sleep_and_PSG,MORGOTH BCH-PSG,MANUAL_APPLICATION_OR_LOGIN,否,否,,,,需要申请,BDSP：完成 credentialing/DUA 后使用 credentialed AWS CLI,https://bdsp.io/content/morgoth1/1.0.0/,https://bdsp.io/register/,03_Consciousness_and_State/Sleep_Staging/MORGOTH_BCH-PSG,已提交 BDSP credentialing/DUA；获批后用 credentialed S3 入口同步 MORGOTH。
EEG-0132,P2,已申请·等待访问,疾病/临床,Clinical_Sleep_and_PSG,MORGOTH MGH-PSG-Test,MANUAL_APPLICATION_OR_LOGIN,否,否,,,,需要申请,BDSP：完成 credentialing/DUA 后使用 credentialed AWS CLI,https://bdsp.io/content/morgoth1/1.0.0/,https://bdsp.io/register/,03_Consciousness_and_State/Sleep_Staging/MORGOTH_MGH-PSG-Test,已提交 BDSP credentialing/DUA；获批后用 credentialed S3 入口同步 MORGOTH。
EEG-0133,P2,已申请·等待访问,疾病/临床,Clinical_Sleep_and_PSG,MORGOTH MGH-PSG-Train,MANUAL_APPLICATION_OR_LOGIN,否,否,,,,需要申请,BDSP：完成 credentialing/DUA 后使用 credentialed AWS CLI,https://bdsp.io/content/morgoth1/1.0.0/,https://bdsp.io/register/,03_Consciousness_and_State/Sleep_Staging/MORGOTH_MGH-PSG-Train,已提交 BDSP credentialing/DUA；获批后用 credentialed S3 入口同步 MORGOTH。
EEG-0134,P2,已申请·等待访问,疾病/临床,Clinical_Sleep_and_PSG,MORGOTH UPenn PSG,MANUAL_APPLICATION_OR_LOGIN,否,否,,,,需要申请,BDSP：完成 credentialing/DUA 后使用 credentialed AWS CLI,https://bdsp.io/content/morgoth1/1.0.0/,https://bdsp.io/register/,03_Consciousness_and_State/Sleep_Staging/MORGOTH_UPenn_PSG,已提交 BDSP credentialing/DUA；获批后用 credentialed S3 入口同步 MORGOTH。
EEG-0136,P2,公开入口·需人工复核,疾病/临床,Clinical_Sleep_and_PSG,NCHSDB,FAILED_DISCOVERY,否,否,,,,公开/登录后下载,PhysioNet：wget -r -N -c -np https://physionet.org/content/nch-sleep/,https://physionet.org/content/nch-sleep/,,03_Consciousness_and_State/Sleep_Staging/NCHSDB,自动下载未完成；人工打开官方入口，确认真实文件链接后再下载。
EEG-0142,P3,需要申请/登录,健康/人群,Population_Sleep_Health,SHHS,MANUAL_APPLICATION_OR_LOGIN,否,否,,75466.425,,公开/登录后下载,NSRR：审批后用 nsrr download 或网页批量下载,https://sleepdata.org/data/requests/shhs/start,https://sleepdata.org/data/requests/shhs/start,03_Consciousness_and_State/Sleep_Staging/SHHS,尚未申请；打开申请页面，登录 NSRR，填写研究用途并提交。
EEG-0135,P3,需要申请/登录,健康/人群,Aging_and_Sleep,MrOS Sleep,MANUAL_APPLICATION_OR_LOGIN,否,否,,44987.816666666666,,公开/登录后下载,NSRR：审批后用 nsrr download 或网页批量下载,https://sleepdata.org/data/requests/mros/start,https://sleepdata.org/data/requests/mros/start,03_Consciousness_and_State/Sleep_Staging/MrOS_Sleep,尚未申请；打开申请页面，登录 NSRR，填写研究用途并提交。
EEG-0117,P3,需要申请/登录,疾病/临床,Clinical_Sleep_and_PSG,CHAT,MANUAL_APPLICATION_OR_LOGIN,否,否,,16319.508333333333,,需要申请,NSRR：审批后用 nsrr download 或网页批量下载,https://sleepdata.org/datasets/chat,https://sleepdata.org/data/requests/chat/start,03_Consciousness_and_State/Sleep_Staging/CHAT,尚未申请；打开申请页面，登录 NSRR，填写研究用途并提交。
EEG-0116,P3,需要申请/登录,健康/人群,Family_Sleep_and_SDB,CFS,MANUAL_APPLICATION_OR_LOGIN,否,否,,7218.516666666666,,公开/登录后下载,NSRR：审批后用 nsrr download 或网页批量下载,https://sleepdata.org/data/requests/cfs/start,https://sleepdata.org/data/requests/cfs/start,03_Consciousness_and_State/Sleep_Staging/CFS,尚未申请；打开申请页面，登录 NSRR，填写研究用途并提交。
EEG-0115,P3,需要申请/登录,健康/人群,Sleep_Health_and_PSG,CCSHS,MANUAL_APPLICATION_OR_LOGIN,否,否,,5761.683333333333,,公开/登录后下载,NSRR：审批后用 nsrr download 或网页批量下载,https://sleepdata.org/datasets/ccshs,https://sleepdata.org/data/requests/ccshs/start,03_Consciousness_and_State/Sleep_Staging/CCSHS,尚未申请；打开申请页面，登录 NSRR，填写研究用途并提交。
EEG-0145,P3,需要申请/登录,健康/人群,Sleep_Health_and_PSG,SOF,MANUAL_APPLICATION_OR_LOGIN,否,否,,4514.133333333333,,公开/登录后下载,NSRR：审批后用 nsrr download 或网页批量下载,https://sleepdata.org/datasets/sof,https://sleepdata.org/data/requests/sof/start,03_Consciousness_and_State/Sleep_Staging/SOF,尚未申请；打开申请页面，登录 NSRR，填写研究用途并提交。
EEG-0126,P3,需要申请/登录,疾病/临床,Obstructive_Sleep_Apnea,HomePAP,MANUAL_APPLICATION_OR_LOGIN,否,否,,1928.6333333333334,,需要申请,NSRR：审批后用 nsrr download 或网页批量下载,https://sleepdata.org/data/requests/homepap/start,https://sleepdata.org/data/requests/homepap/start,03_Consciousness_and_State/Sleep_Staging/HomePAP,尚未申请；打开申请页面，登录 NSRR，填写研究用途并提交。
EEG-0108,P3,需要申请/登录,疾病/临床,Clinical_Sleep_and_PSG,ABC,MANUAL_APPLICATION_OR_LOGIN,否,否,,1109.175,,公开/登录后下载,NSRR：审批后用 nsrr download 或网页批量下载,https://sleepdata.org/datasets/abc,https://sleepdata.org/data/requests/abc/start,03_Consciousness_and_State/Sleep_Staging/ABC,尚未申请；打开申请页面，登录 NSRR，填写研究用途并提交。
EEG-0130,P3,需要申请/登录,健康/人群,Sleep_Staging_and_Microarousals,MASS,MANUAL_APPLICATION_OR_LOGIN,否,否,,873.0333333333333,,公开/登录后下载,打开官方入口并按页面说明下载,https://ceams-carsm.ca/mass/,https://ceams-carsm.ca/mass/,03_Consciousness_and_State/Sleep_Staging/MASS,尚未申请；按 MASS 官网说明提交项目描述和本地伦理审批材料。
EEG-0111,P3,需要申请/登录,疾病/临床,Clinical_Sleep_and_PSG,APPLES,MANUAL_APPLICATION_OR_LOGIN,否,否,,,,公开/登录后下载,NSRR：审批后用 nsrr download 或网页批量下载,https://sleepdata.org/datasets/apples,https://sleepdata.org/data/requests/apples/start,03_Consciousness_and_State/Sleep_Staging/APPLES,尚未申请；打开申请页面，登录 NSRR，填写研究用途并提交。
EEG-0127,P3,需要申请/登录,疾病/临床,Clinical_Sleep_and_PSG,Human Sleep Project (HSP),MANUAL_APPLICATION_OR_LOGIN,否,否,,,,需要申请,BDSP：完成 credentialing/DUA 后使用 credentialed AWS CLI,https://bdsp.io/content/hsp/,https://bdsp.io/register/,03_Consciousness_and_State/Sleep_Staging/Human_Sleep_Project_HSP,尚未申请 HSP；完成 BDSP credentialing/DUA 后申请该库权限。
EEG-0137,P3,需要申请/登录,健康/人群,Sleep_Health_and_PSG,NFS,MANUAL_APPLICATION_OR_LOGIN,否,否,,,,需要申请,NSRR：审批后用 nsrr download 或网页批量下载,https://sleepdata.org/datasets/nfs,https://sleepdata.org/data/requests/nfs/start,03_Consciousness_and_State/Sleep_Staging/NFS,尚未申请；打开申请页面，登录 NSRR，填写研究用途并提交。
EEG-0141,P3,需要申请/登录,健康/人群,Sleep_Health_and_PSG,SEED-SD,MANUAL_APPLICATION_OR_LOGIN,否,否,,,,公开/登录后下载,打开官方入口并按页面说明下载,https://bcmi.sjtu.edu.cn/home/seed/seed-SD.html,https://bcmi.sjtu.edu.cn/ApplicationForm/apply_form/,03_Consciousness_and_State/Sleep_Staging/SEED-SD,尚未申请；填写 BCMI 官方 Apply 表单。
EEG-0148,P3,需要申请/登录,健康/人群,Population_Sleep_Health,WSC,MANUAL_APPLICATION_OR_LOGIN,否,否,,,,公开/登录后下载,NSRR：审批后用 nsrr download 或网页批量下载,https://sleepdata.org/data/requests/wsc/start,https://sleepdata.org/data/requests/wsc/start,03_Consciousness_and_State/Sleep_Staging/WSC,尚未申请；打开申请页面，登录 NSRR，填写研究用途并提交。
EEG-0587,P3,需要申请/登录,健康/人群,睡眠与流行病学,HCHS/SOL Polysomnography,NOT_IN_SERVER_AUDIT,否,否,,,,需要申请,NSRR：审批后用 nsrr download 或网页批量下载,https://sleepdata.org/datasets/hchs,https://sleepdata.org/data/requests/hchs/start,08_Health_and_Population/Population_Sleep_Health/HCHS_SOL,尚未申请；打开申请页面，登录 NSRR，填写研究用途并提交。
EEG-0588,P3,需要申请/登录,健康/人群,衰老与痴呆风险,HAASSA,NOT_IN_SERVER_AUDIT,否,否,,,,需要申请,NSRR：审批后用 nsrr download 或网页批量下载,https://sleepdata.org/datasets/haassa,https://sleepdata.org/data/requests/haassa/start,08_Health_and_Population/Aging_and_Dementia_Risk/HAASSA,尚未申请；打开申请页面，登录 NSRR，填写研究用途并提交。
EEG-0589,P3,需要申请/登录,健康/人群,睡眠呼吸风险,ApoE Sleep Disordered Breathing,NOT_IN_SERVER_AUDIT,否,否,,,,需要申请,NSRR：审批后用 nsrr download 或网页批量下载,https://sleepdata.org/datasets/apoe,https://sleepdata.org/data/requests/apoe/start,08_Health_and_Population/Sleep_Disordered_Breathing_Risk/ApoE,尚未申请；打开申请页面，登录 NSRR，填写研究用途并提交。
EEG-0590,P3,需要申请/登录,健康/人群,孕产妇健康,nuMoM2b Sleep Breathing Substudy,NOT_IN_SERVER_AUDIT,否,否,,,,需要申请,NSRR：审批后用 nsrr download 或网页批量下载,https://sleepdata.org/datasets/numom2b,https://sleepdata.org/data/requests/numom2b/start,08_Health_and_Population/Maternal_and_Pregnancy_Health/NUMOM2B,尚未申请；打开申请页面，登录 NSRR，填写研究用途并提交。
EEG-0591,P3,需要申请/登录,疾病/临床,睡眠疾病/发作性睡病,Mignot Nature Communications (MNC),NOT_IN_SERVER_AUDIT,否,否,,,,需要申请,NSRR：审批后用 nsrr download 或网页批量下载,https://sleepdata.org/datasets/mnc,https://sleepdata.org/data/requests/mnc/start,02_Healthcare_and_Disease/Sleep_and_Narcolepsy/MNC,尚未申请；打开申请页面，登录 NSRR，填写研究用途并提交。
EEG-0592,P3,需要申请/登录,疾病/临床,临床睡眠障碍,Comprehensive Polysomnography (CPS),NOT_IN_SERVER_AUDIT,否,否,,,,需要申请,PhysioNet：wget -r -N -c -np https://physionet.org/content/cps-dataset-sleep/1.0.0/,https://physionet.org/content/cps-dataset-sleep/1.0.0/,https://physionet.org/settings/profile/,02_Healthcare_and_Disease/Clinical_Sleep_Disorders/CPS,尚未申请；完成 PhysioNet credentialing、CITI 培训并签署项目 DUA。
EEG-0593,P3,需要申请/登录,疾病/临床,心衰与中枢性睡眠呼吸暂停,LOFT-HF,NOT_IN_SERVER_AUDIT,否,否,,,,需要申请,NSRR：审批后用 nsrr download 或网页批量下载,https://sleepdata.org/datasets/lofthf,https://sleepdata.org/data/requests/lofthf/start,02_Healthcare_and_Disease/Cardiovascular_and_Sleep_Disorders/LOFT_HF,尚未申请；打开申请页面，登录 NSRR，填写研究用途并提交。
EEG-0605,P3,需要申请/登录,疾病/临床,Clinical_Sleep_Disorders,STAGES,NOT_IN_SERVER_AUDIT,否,否,,,,需要申请,NSRR：审批后用 nsrr download 或网页批量下载,https://sleepdata.org/data/requests/stages/start,https://sleepdata.org/data/requests/stages/start,02_Healthcare_and_Disease/Clinical_Sleep_Disorders/STAGES,尚未申请；打开申请页面，登录 NSRR，填写研究用途并提交。
EEG-0031,完成,已下载·时长已审计,疾病/临床,Epilepsy_and_Abnormalities,SeizeIT2,COMPLETED,是,是,11626.24888888889,11626.24888888889,,公开/登录后下载,OpenNeuro 官方页面或 BIDS/OpenNeuro 下载工具,https://openneuro.org/datasets/ds005873/versions/1.1.0,,02_Biometrics_and_Disease/Epilepsy_and_Abnormalities/SeizeIT2,无需下载；保持服务器校验记录。
EEG-0006,完成,已下载·时长已审计,疾病/临床,Epilepsy_and_Abnormalities,American Epilepsy Society Seizure Prediction Challenge,COMPLETED,是,是,1333.6666666666667,1333.6666666666667,,公开/登录后下载,Kaggle：接受规则后使用 Kaggle CLI,https://www.kaggle.com/c/seizure-prediction,,02_Biometrics_and_Disease/Epilepsy_and_Abnormalities/American_Epilepsy_Society_Seizure_Prediction_Challenge,无需下载；保持服务器校验记录。
EEG-0009,完成,已下载·时长已审计,疾病/临床,Epilepsy_and_Abnormalities,CHB-MIT,COMPLETED,是,是,982.9352777777777,982.9352777777777,,公开/登录后下载,PhysioNet：wget -r -N -c -np https://physionet.org/content/chbmit/1.0.0/,https://physionet.org/content/chbmit/1.0.0/,,02_Biometrics_and_Disease/Epilepsy_and_Abnormalities/CHB-MIT,无需下载；保持服务器校验记录。
EEG-0014,完成,已下载·时长已审计,疾病/临床,Epilepsy_and_Abnormalities,HMS Harmful Brain Activity Classification,COMPLETED,是,是,390.16,390.16,,需要申请,Kaggle：接受规则后使用 Kaggle CLI,https://www.kaggle.com/competitions/hms-harmful-brain-activity-classification/data,,02_Biometrics_and_Disease/Epilepsy_and_Abnormalities/HMS_Harmful_Brain_Activity_Classification,无需下载；保持服务器校验记录。
EEG-0064,完成,已下载·时长已审计,疾病/临床,Neurological_Disorders,bigP3BCI,COMPLETED,是,是,267.14497044443334,267.14497044443334,,公开/登录后下载,PhysioNet：wget -r -N -c -np https://physionet.org/content/bigp3bci/1.0.0/,https://physionet.org/content/bigp3bci/1.0.0/,,02_Biometrics_and_Disease/Neurological_Disorders/ALS_Eye-tracking_Spelling_EEG_Dataset,无需下载；保持服务器校验记录。
EEG-0523,完成,已下载·时长已审计,疾病/临床,Development_and_Lifespan,SFARI_EEG multi-paradigm dataset,COMPLETED,是,是,229.42268934461805,229.42268934461805,,公开/登录后下载,OpenNeuro 官方页面或 BIDS/OpenNeuro 下载工具,https://openneuro.org/datasets/ds006780/versions/1.0.0,,02_Biometrics_and_Disease/Development_and_Lifespan/SFARI_EEG_multi-paradigm_dataset,无需下载；保持服务器校验记录。
EEG-0032,完成,已下载·时长已审计,疾病/临床,Epilepsy_and_Abnormalities,Siena Scalp EEG,COMPLETED,是,是,141.02055555555555,141.02055555555555,,公开/登录后下载,PhysioNet：wget -r -N -c -np https://physionet.org/content/siena-scalp-eeg/1.0.0/,https://physionet.org/content/siena-scalp-eeg/1.0.0/,,02_Biometrics_and_Disease/Epilepsy_and_Abnormalities/Siena_Scalp_EEG,无需下载；保持服务器校验记录。
EEG-0081,完成,已下载·时长已审计,疾病/临床,Neurological_Disorders,EEG: Three-Stim Auditory Oddball and Rest in Acute and Chronic TBI,COMPLETED,是,是,140.79954166666658,140.79954166666658,,公开/登录后下载,Hugging Face：huggingface-cli download 或 Git LFS,https://huggingface.co/datasets/EEGDash/ds003522,,02_Biometrics_and_Disease/Neurological_Disorders/EEG_Three-Stim_Auditory_Oddball_and_Rest_in_Acute_and_Chronic_TBI,无需下载；保持服务器校验记录。
EEG-0062,完成,已下载·时长已审计,疾病/临床,Neurological_Disorders,Acute Mild TBI DPX Cognitive-control EEG,COMPLETED,是,是,124.27265277777778,124.27265277777778,,公开/登录后下载,OpenNeuro 官方页面或 BIDS/OpenNeuro 下载工具,https://openneuro.org/datasets/ds005114/versions/1.0.0,,02_Biometrics_and_Disease/Neurological_Disorders/Acute_Mild_TBI_DPX_Cognitive-control_EEG,无需下载；保持服务器校验记录。
EEG-0061,完成,已下载·时长已审计,疾病/临床,Mental_and_Developmental_Disorders,TDBRAIN,COMPLETED,是,是,120.51638888888888,120.51638888888888,,需要申请,打开官方入口并按页面说明下载,https://brainclinics.com/resources/,,02_Biometrics_and_Disease/Mental_and_Developmental_Disorders/TDBRAIN,无需下载；保持服务器校验记录。
EEG-0005,完成,已下载·时长已审计,疾病/临床,Epilepsy_and_Abnormalities,A dataset of neonatal EEG recordings with seizure annotations,COMPLETED,是,是,111.89583333333333,111.89583333333333,,公开/登录后下载,Zenodo 官方文件下载/API,https://zenodo.org/records/4940267,,02_Biometrics_and_Disease/Epilepsy_and_Abnormalities/A_dataset_of_neonatal_EEG_recordings_with_seizures_annotations,无需下载；保持服务器校验记录。
EEG-0522,完成,已下载·时长已审计,健康/人群,Lifespan_and_Normative,MIPDB,COMPLETED,是,是,104.0500522222222,104.0500522222222,,公开/登录后下载,打开官方入口并按页面说明下载,https://fcon_1000.projects.nitrc.org/indi/cmi_healthy_brain_network/MIPDB.html,,02_Biometrics_and_Disease/Development_and_Lifespan/MIPDB,无需下载；保持服务器校验记录。
EEG-0074,完成,已下载·时长已审计,疾病/临床,Neurological_Disorders,CCEP ECoG Dataset across age 4-51,COMPLETED,是,是,89.39102118458145,89.39102118458145,,公开/登录后下载,OpenNeuro 官方页面或 BIDS/OpenNeuro 下载工具,https://openneuro.org/datasets/ds004080/versions/1.2.4,,02_Biometrics_and_Disease/Neurological_Disorders/CCEP_ECoG_Dataset_across_age_4-51,无需下载；保持服务器校验记录。
EEG-0013,完成,已下载·时长已审计,疾病/临床,Epilepsy_and_Abnormalities,HFO (High-Frequency Oscillations),COMPLETED,是,是,89.00694444444444,89.00694444444444,,公开/登录后下载,OpenNeuro 官方页面或 BIDS/OpenNeuro 下载工具,https://openneuro.org/datasets/ds003555,,02_Biometrics_and_Disease/Epilepsy_and_Abnormalities/HFO_High-Frequency_Oscillations,无需下载；保持服务器校验记录。
EEG-0045,完成,已下载·时长已审计,疾病/临床,Neurodegenerative_Disorders,"EEG p-adic quantum potential accurately identifies depression, schizophrenia and cognitive decline",COMPLETED,是,是,84.29973722222223,84.29973722222223,,公开/登录后下载,Zenodo 官方文件下载/API,https://zenodo.org/records/7258868,,02_Biometrics_and_Disease/Neurodegenerative_Disorders/EEG_p-adic_quantum_potential_accurately_identifies_depression_schizophrenia_and_cognitive_,无需下载；保持服务器校验记录。
EEG-0065,完成,已下载·时长已审计,疾病/临床,Neurological_Disorders,ALS-Spelling (EEG-ET),COMPLETED,是,是,66.32305555555556,66.32305555555556,,公开/登录后下载,打开官方入口并按页面说明下载,https://doi.org/10.6084/m9.figshare.24485689.v1,,02_Biometrics_and_Disease/Neurological_Disorders/ALS-Spelling_EEG-ET,无需下载；保持服务器校验记录。
EEG-0521,完成,已下载·时长已审计,健康/人群,Lifespan_and_Normative,Mind in Motion Older Adults Walking EEG,COMPLETED,是,是,61.09685944444434,61.09685944444434,,公开/登录后下载,OpenNeuro 官方页面或 BIDS/OpenNeuro 下载工具,https://openneuro.org/datasets/ds006095/versions/1.0.0,,02_Biometrics_and_Disease/Development_and_Lifespan/Mind_in_Motion_Older_Adults_Walking_EEG,无需下载；保持服务器校验记录。
EEG-0015,完成,已下载·时长已审计,疾病/临床,Epilepsy_and_Abnormalities,HUP iEEG Epilepsy Dataset,COMPLETED,是,是,49.769444444444446,49.769444444444446,,公开/登录后下载,OpenNeuro 官方页面或 BIDS/OpenNeuro 下载工具,https://openneuro.org/datasets/ds004100,,02_Biometrics_and_Disease/Epilepsy_and_Abnormalities/HUP_iEEG_Epilepsy_Dataset,无需下载；保持服务器校验记录。
EEG-0080,完成,已下载·时长已审计,疾病/临床,Neurological_Disorders,EEG: Simon Conflict in Parkinson's,COMPLETED,是,是,48.53486111111113,48.53486111111113,,公开/登录后下载,Hugging Face：huggingface-cli download 或 Git LFS,https://huggingface.co/datasets/EEGDash/ds003509,,02_Biometrics_and_Disease/Neurological_Disorders/EEG_Simon_Conflict_in_Parkinson_s,无需下载；保持服务器校验记录。
EEG-0082,完成,已下载·时长已审计,健康/人群,Sensory_Physiology,Human Spinal-cord Somatosensory Evoked Potentials EEG,COMPLETED,是,是,43.48990400000004,43.48990400000004,,公开/登录后下载,OpenNeuro 官方页面或 BIDS/OpenNeuro 下载工具,https://openneuro.org/datasets/ds004388/versions/1.0.0,,02_Biometrics_and_Disease/Neurological_Disorders/Human_Spinal-cord_Somatosensory_Evoked_Potentials_EEG,无需下载；保持服务器校验记录。
EEG-0040,完成,已下载·时长已审计,疾病/临床,Neurodegenerative_Disorders,AD65 (Alzheimer/FTD),COMPLETED,是,是,39.00595000000006,39.00595000000006,,公开/登录后下载,OpenNeuro 官方页面或 BIDS/OpenNeuro 下载工具,https://openneuro.org/datasets/ds004504,,02_Biometrics_and_Disease/Neurodegenerative_Disorders/AD65_Alzheimer_FTD,无需下载；保持服务器校验记录。
EEG-0079,完成,已下载·时长已审计,疾病/临床,Neurological_Disorders,EEG: Reinforcement Learning in Parkinson’s,COMPLETED,是,是,35.38127777777776,35.38127777777776,,需要申请,Hugging Face：huggingface-cli download 或 Git LFS,https://huggingface.co/datasets/EEGDash/ds003506,,02_Biometrics_and_Disease/Neurological_Disorders/EEG_Reinforcement_Learning_in_Parkinson_s,无需下载；保持服务器校验记录。
EEG-0085,完成,已下载·时长已审计,疾病/临床,Neurological_Disorders,Lower-Limb-MI (stroke),COMPLETED,是,是,33.448055555555555,33.448055555555555,,公开/登录后下载,Figshare 官方文件下载/API,https://springernature.figshare.com/articles/dataset/Lower_limb_motor_imagery_EEG.../27130299,,02_Biometrics_and_Disease/Neurological_Disorders/Lower-Limb-MI_stroke,无需下载；保持服务器校验记录。
EEG-0016,完成,已下载·时长已审计,疾病/临床,Epilepsy_and_Abnormalities,vEpiSet (Interictal Epileptiform Discharge EEG Dataset),COMPLETED,是,是,28.241666666666667,28.241666666666667,,公开/登录后下载,Figshare 官方文件下载/API,https://springernature.figshare.com/articles/dataset/28069568,,02_Biometrics_and_Disease/Epilepsy_and_Abnormalities/Interictal_Epileptiform_Discharge_EEG_Dataset,无需下载；保持服务器校验记录。
EEG-0052,完成,已下载·时长已审计,疾病/临床,Mental_and_Developmental_Disorders,Depression resting (BDI),COMPLETED,是,是,23.359657777777795,23.359657777777795,,公开/登录后下载,OpenNeuro 官方页面或 BIDS/OpenNeuro 下载工具,https://openneuro.org/datasets/ds003478,,02_Biometrics_and_Disease/Mental_and_Developmental_Disorders/Depression_resting_BDI,无需下载；保持服务器校验记录。
EEG-0520,完成,已下载·时长已审计,健康/人群,Lifespan_and_Normative,Infant First-year Resting EEG Dataset,COMPLETED,是,是,22.83888888888889,22.83888888888889,,公开/登录后下载,OpenNeuro 官方页面或 BIDS/OpenNeuro 下载工具,https://openneuro.org/datasets/ds004577,,02_Biometrics_and_Disease/Development_and_Lifespan/Infant_First-year_Resting_EEG_Dataset,无需下载；保持服务器校验记录。
EEG-0070,完成,已下载·时长已审计,疾病/临床,Neurological_Disorders,BNCI 006-2014 (SCP training in stroke),COMPLETED,是,是,21.875555555555554,21.875555555555554,,公开/登录后下载,打开官方入口并按页面说明下载,http://bnci-horizon-2020.eu/database/data-sets,,02_Biometrics_and_Disease/Neurological_Disorders/BNCI_006-2014_SCP_training_in_stroke,无需下载；保持服务器校验记录。
EEG-0087,完成,已下载·时长已审计,疾病/临床,Neurological_Disorders,Ultra High-Density EEG of Interictal Migraine and Controls,COMPLETED,是,是,21.232222222222223,21.232222222222223,,公开/登录后下载,打开官方入口并按页面说明下载,https://kilthub.cmu.edu/articles/dataset/Ultra_high-density_EEG_recording_of_interictal_migraine_and_controls_sensory_and_rest/12636731,,02_Biometrics_and_Disease/Neurological_Disorders/Migrainedb,无需下载；保持服务器校验记录。
EEG-0057,完成,已下载·时长已审计,疾病/临床,Mental_and_Developmental_Disorders,MDD (Mumtaz),COMPLETED,是,是,20.555833333333332,20.555833333333332,,需要申请,打开官方入口并按页面说明下载,https://doi.org/10.6084/m9.figshare.4244171,,02_Biometrics_and_Disease/Mental_and_Developmental_Disorders/MDD_Mumtaz,无需下载；保持服务器校验记录。
EEG-0092,完成,已下载·时长已审计,疾病/临床,Neurological_Disorders,PD-EEG Resting-State & Walking EEG,COMPLETED,是,是,19.488683333333334,19.488683333333334,,公开/登录后下载,OpenNeuro 官方页面或 BIDS/OpenNeuro 下载工具,https://openneuro.org/datasets/ds007526/versions/1.0.2,,02_Biometrics_and_Disease/Neurological_Disorders/PD-EEG_Resting-State_Walking_EEG,无需下载；保持服务器校验记录。
EEG-0018,完成,已下载·时长已审计,疾病/临床,Epilepsy_and_Abnormalities,Kaggle UPenn and Mayo Clinic Seizure Detection,COMPLETED,是,是,16.350194145529045,16.350194145529045,,公开/登录后下载,Kaggle：接受规则后使用 Kaggle CLI,https://www.kaggle.com/c/seizure-detection/data,,02_Biometrics_and_Disease/Epilepsy_and_Abnormalities/Kaggle_UPenn_and_Mayo_Clinic_Seizure_Detection,无需下载；保持服务器校验记录。
EEG-0044,完成,已下载·时长已审计,疾病/临床,Neurodegenerative_Disorders,Dementia Photo-stimulation Open-eyes EEG,COMPLETED,是,是,14.963480000000004,14.963480000000004,,公开/登录后下载,OpenNeuro 官方页面或 BIDS/OpenNeuro 下载工具,https://openneuro.org/datasets/ds006036/versions/1.0.6,,02_Biometrics_and_Disease/Neurodegenerative_Disorders/Dementia_Photo-stimulation_Open-eyes_EEG,无需下载；保持服务器校验记录。
EEG-0078,完成,已下载·时长已审计,疾病/临床,Neurological_Disorders,EEG: 3-Stim Auditory Oddball and Rest in Parkinson’s,COMPLETED,是,是,12.759916666666669,12.759916666666669,,需要申请,Hugging Face：huggingface-cli download 或 Git LFS,https://huggingface.co/datasets/EEGDash/ds003490,,02_Biometrics_and_Disease/Neurological_Disorders/EEG_3-Stim_Auditory_Oddball_and_Rest_in_Parkinson_s,无需下载；保持服务器校验记录。
EEG-0089,完成,已下载·时长已审计,疾病/临床,Neurological_Disorders,Mu and Beta Oscillatory Changes during a motor task following Rehabilitation in Chronic MCA Stroke: Insights from EEG,COMPLETED,是,是,12.290877777777778,12.290877777777778,,公开/登录后下载,Zenodo 官方文件下载/API,https://zenodo.org/records/19599466,,02_Biometrics_and_Disease/Neurological_Disorders/Mu_and_Beta_Oscillatory_Changes_during_a_motor_task_following_Rehabilitation_in_Chronic_MC,无需下载；保持服务器校验记录。
EEG-0055,完成,已下载·时长已审计,疾病/临床,Mental_and_Developmental_Disorders,FEPCR,COMPLETED,是,是,12.265277302055557,12.265277302055557,,公开/登录后下载,Hugging Face：huggingface-cli download 或 Git LFS,https://huggingface.co/datasets/EEGDash/ds003944,,02_Biometrics_and_Disease/Mental_and_Developmental_Disorders/FEPCR,无需下载；保持服务器校验记录。
EEG-0056,完成,已下载·时长已审计,疾病/临床,Mental_and_Developmental_Disorders,Fribourg Ultimatum Game in Schizophrenia Study,COMPLETED,是,是,12.056666666666667,12.056666666666667,,需要申请,Hugging Face：huggingface-cli download 或 Git LFS,https://huggingface.co/datasets/EEGDash/ds004000,,02_Biometrics_and_Disease/Mental_and_Developmental_Disorders/Fribourg_Ultimatum_Game_in_Schizophrenia_Study,无需下载；保持服务器校验记录。
EEG-0083,完成,已下载·时长已审计,疾病/临床,Neurological_Disorders,Intraoperative Medianus-tibialis Stimulation EEG,COMPLETED,是,是,11.763055555555555,11.763055555555555,,公开/登录后下载,OpenNeuro 官方页面或 BIDS/OpenNeuro 下载工具,https://openneuro.org/datasets/ds004381/versions/1.0.2,,02_Biometrics_and_Disease/Neurological_Disorders/Intraoperative_Medianus-tibialis_Stimulation_EEG,无需下载；保持服务器校验记录。
EEG-0075,完成,已下载·时长已审计,疾病/临床,Neurological_Disorders,"Dataset of electrophysiological signals (EEG, ECG, EMG) during Music therapy with adult burn patients in the Intensive Care Unit.",COMPLETED,是,是,10.940555555555555,10.940555555555555,,公开/登录后下载,OpenNeuro 官方页面或 BIDS/OpenNeuro 下载工具,https://openneuro.org/datasets/ds004840/versions/1.0.1,,02_Biometrics_and_Disease/Neurological_Disorders/Dataset_of_electrophysiological_signals_EEG_ECG_EMG_during_Music_therapy_with_adult_burn_p,无需下载；保持服务器校验记录。
EEG-0060,完成,已下载·时长已审计,疾病/临床,Mental_and_Developmental_Disorders,Schizophrenia-81,COMPLETED,是,是,9.605833333333333,9.605833333333333,,公开/登录后下载,Kaggle：接受规则后使用 Kaggle CLI,https://www.kaggle.com/datasets/broach/button-tone-sz,,02_Biometrics_and_Disease/Mental_and_Developmental_Disorders/Schizophrenia-81,无需下载；保持服务器校验记录。
EEG-0098,完成,已下载·时长已审计,疾病/临床,Neurological_Disorders,Tinnitus Acoustic Therapy EEG Database,COMPLETED,是,是,8.41,8.41,,公开/登录后下载,打开官方入口并按页面说明下载,https://data.mendeley.com/datasets/kj443jc4yc,,02_Biometrics_and_Disease/Neurological_Disorders/Tinnitus_Acoustic_Therapy_EEG_Database,无需下载；保持服务器校验记录。
EEG-0054,完成,已下载·时长已审计,疾病/临床,Mental_and_Developmental_Disorders,EEG in schizophrenia,COMPLETED,是,是,8.0175,8.0175,,公开/登录后下载,打开官方入口并按页面说明下载,https://repod.icm.edu.pl/dataset.xhtml?persistentId=doi%3A10.18150%2Frepod.0107441,,02_Biometrics_and_Disease/Mental_and_Developmental_Disorders/EEG_in_schizophrenia,无需下载；保持服务器校验记录。
EEG-0030,完成,已下载·时长已审计,疾病/临床,Epilepsy_and_Abnormalities,OpenNeuro ds003029 Epilepsy iEEG Multicenter,COMPLETED,是,是,7.958339006721048,7.958339006721048,,公开/登录后下载,OpenNeuro 官方页面或 BIDS/OpenNeuro 下载工具,https://openneuro.org/datasets/ds003029,,02_Biometrics_and_Disease/Epilepsy_and_Abnormalities/OpenNeuro_ds003029_Epilepsy_iEEG_Multicenter,无需下载；保持服务器校验记录。
EEG-0048,完成,已下载·时长已审计,疾病/临床,Mental_and_Developmental_Disorders,Adult ADHD EEG,COMPLETED,是,是,7.111111111111111,7.111111111111111,,公开/登录后下载,打开官方入口并按页面说明下载,https://data.mendeley.com/datasets/6k4g25fhzg/1,,02_Biometrics_and_Disease/Mental_and_Developmental_Disorders/Adult_ADHD_EEG,无需下载；保持服务器校验记录。
EEG-0059,完成,已下载·时长已审计,疾病/临床,Mental_and_Developmental_Disorders,Power Spectral Density-Based Resting-State EEG Classification of First-Episode Psychosis,COMPLETED,是,是,6.05,6.05,,公开/登录后下载,Zenodo 官方文件下载/API,https://zenodo.org/records/7315010,,02_Biometrics_and_Disease/Mental_and_Developmental_Disorders/Power_Spectral_Density-Based_Resting-State_EEG_Classification_of_First-Episode_Psychosis,无需下载；保持服务器校验记录。
EEG-0039,完成,已下载·时长已审计,疾病/临床,Neurodegenerative_Disorders,AD-Auditory,COMPLETED,是,是,5.2027777777777775,5.2027777777777775,,公开/登录后下载,OpenNeuro 官方页面或 BIDS/OpenNeuro 下载工具,https://openneuro.org/datasets/ds005048,,02_Biometrics_and_Disease/Neurodegenerative_Disorders/AD-Auditory,无需下载；保持服务器校验记录。
EEG-0084,完成,已下载·时长已审计,疾病/临床,Neurological_Disorders,Liu2024,COMPLETED,是,是,4.444444444444445,4.444444444444445,,需要申请,打开官方入口并按页面说明下载,https://moabb.neurotechx.com/docs/generated/moabb.datasets.Liu2024.html,,02_Biometrics_and_Disease/Neurological_Disorders/Liu2024,无需下载；保持服务器校验记录。
EEG-0041,完成,已下载·时长已审计,疾病/临床,Neurodegenerative_Disorders,Alzheimer Risk Classification Sample-enrichment EEG,COMPLETED,是,是,3.9115555555555552,3.9115555555555552,,公开/登录后下载,OpenNeuro 官方页面或 BIDS/OpenNeuro 下载工具,https://openneuro.org/datasets/ds007427/versions/1.0.1,,02_Biometrics_and_Disease/Neurodegenerative_Disorders/Alzheimer_Risk_Classification_Sample-enrichment_EEG,无需下载；保持服务器校验记录。
EEG-0008,完成,已下载·时长已审计,疾病/临床,Epilepsy_and_Abnormalities,Bonn EEG Seizure Dataset,COMPLETED,是,是,3.277620976774251,3.277620976774251,,公开/登录后下载,打开官方入口并按页面说明下载,https://www.ukbonn.de/epileptologie/arbeitsgruppen/ag-lehnertz-neurophysik/downloads/,,02_Biometrics_and_Disease/Epilepsy_and_Abnormalities/Bonn_EEG_Seizure_Dataset,无需下载；保持服务器校验记录。
EEG-0071,完成,已下载·时长已审计,疾病/临床,Neurological_Disorders,"BNCI 008-2014 (P300 speller, ALS)",COMPLETED,是,是,3.018263888888889,3.018263888888889,,公开/登录后下载,打开官方入口并按页面说明下载,http://bnci-horizon-2020.eu/database/data-sets,,02_Biometrics_and_Disease/Neurological_Disorders/BNCI_008-2014_P300_speller_ALS,无需下载；保持服务器校验记录。
EEG-0063,完成,已下载·时长已审计,疾病/临床,Neurological_Disorders,Clinical BCI Challenge WCCI 2020 (Stroke Motor Attempt),COMPLETED,是,是,2.6666666666666665,2.6666666666666665,,公开/登录后下载,GitHub release/仓库说明中的官方数据入口,https://github.com/5anirban9/Clinical-Brain-Computer-Interfaces-Challenge-WCCI-2020-Glasgow,,02_Biometrics_and_Disease/Neurological_Disorders/Acute_Stroke_Motor_Imagery_EEG_Dataset,无需下载；保持服务器校验记录。
EEG-0094,完成,已下载·时长已审计,疾病/临床,Neurological_Disorders,PD31 (Parkinson),COMPLETED,是,是,2.517777777777778,2.517777777777778,,公开/登录后下载,OpenNeuro 官方页面或 BIDS/OpenNeuro 下载工具,https://openneuro.org/datasets/ds002778,,02_Biometrics_and_Disease/Neurological_Disorders/PD31_Parkinson,无需下载；保持服务器校验记录。
EEG-0047,完成,已下载·时长已审计,疾病/临床,Neurodegenerative_Disorders,"Resting-state high-density EEG using EGI GES 300 for healthy elders, SCD, MCI and Alzheimer's disease",COMPLETED,是,是,1.5,1.5,,需要申请,打开官方入口并按页面说明下载,https://doi.org/10.5281/zenodo.4316608,,02_Biometrics_and_Disease/Neurodegenerative_Disorders/Resting-state_high-density_EEG_using_EGI_GES_300_for_healthy_elders_SCD_MCI_and_Alzheimer_,无需下载；保持服务器校验记录。
EEG-0100,完成,已下载·时长已审计,疾病/临床,Neurological_Disorders,UNMDataset,COMPLETED,是,是,1.4660000000000002,1.4660000000000002,,公开/登录后下载,打开官方入口并按页面说明下载,https://narayanan.lab.uiowa.edu/datasets,,02_Biometrics_and_Disease/Neurological_Disorders/UNMDataset,无需下载；保持服务器校验记录。
EEG-0017,完成,已下载·时长已审计,疾病/临床,Epilepsy_and_Abnormalities,Intracranial entrainment reveals statistical learning across levels of abstraction,COMPLETED,是,是,1.2263498263888888,1.2263498263888888,,公开/登录后下载,Zenodo 官方文件下载/API,https://zenodo.org/records/8018664,,02_Biometrics_and_Disease/Epilepsy_and_Abnormalities/Intracranial_entrainment_reveals_statistical_learning_across_levels_of_abstraction,无需下载；保持服务器校验记录。
EEG-0042,完成,已下载·时长已审计,疾病/临床,Neurodegenerative_Disorders,APAVA,COMPLETED,是,是,0.9208333333333333,0.9208333333333333,,需要申请,缺少有效入口；先补入口,,,02_Biometrics_and_Disease/Neurodegenerative_Disorders/APAVA,无需下载；保持服务器校验记录。
EEG-0010,完成,已下载·时长已审计,疾病/临床,Epilepsy_and_Abnormalities,Criteria for defining interictal epileptiform discharges in EEG: a clinical validation study,COMPLETED,是,是,0.35083333333333333,0.35083333333333333,,公开/登录后下载,Zenodo 官方文件下载/API,https://zenodo.org/records/4688758,,02_Biometrics_and_Disease/Epilepsy_and_Abnormalities/Criteria_for_defining_interictal_epileptiform_discharges_in_EEG_a_clinical_validation_stud,无需下载；保持服务器校验记录。
EEG-0582,完成,已下载·时长已审计,疾病/临床,Clinical_Abnormalities,TUEG (TUH EEG Corpus),COMPLETED_PARENT,是,是,27077.3,,,需要申请,打开官方入口并按页面说明下载,https://isip.piconepress.com/projects/nedc/html/tuh_eeg/,,02_Biometrics_and_Disease/Clinical_Abnormalities/TUEG_TUH_EEG_Corpus,无需下载；保持服务器校验记录。
EEG-0036,排除,已下载·TUEG 重叠,疾病/临床,Epilepsy_and_Abnormalities,TUSZ (TUH Seizure),COMPLETED,否,否,1474.7872222222222,1474.7872222222222,,需要申请,打开官方入口并按页面说明下载,https://isip.piconepress.com/projects/nedc/html/tuh_eeg/,,02_Biometrics_and_Disease/Epilepsy_and_Abnormalities/TUSZ_TUH_Seizure,保留子集目录，但总时长/人数不与 TUEG 父库重复相加。
EEG-0107,排除,已下载·TUEG 重叠,疾病/临床,Clinical_Abnormalities,TUAB (TUH Abnormal),COMPLETED,否,否,1141.0022222222221,1141.0022222222221,,需要申请,打开官方入口并按页面说明下载,https://isip.piconepress.com/projects/nedc/html/tuh_eeg/,,02_Biometrics_and_Disease/Clinical_Abnormalities/TUAB_TUH_Abnormal,保留子集目录，但总时长/人数不与 TUEG 父库重复相加。
EEG-0033,排除,已下载·TUEG 重叠,疾病/临床,Epilepsy_and_Abnormalities,TUEP (TUH Epilepsy),COMPLETED,否,否,626.7663888888889,626.7663888888889,,需要申请,打开官方入口并按页面说明下载,https://isip.piconepress.com/projects/nedc/html/tuh_eeg/,,02_Biometrics_and_Disease/Epilepsy_and_Abnormalities/TUEP_TUH_Epilepsy,保留子集目录，但总时长/人数不与 TUEG 父库重复相加。
EEG-0034,排除,已下载·TUEG 重叠,疾病/临床,Epilepsy_and_Abnormalities,TUEV (TUH Events),COMPLETED,否,否,148.7447222222222,148.7447222222222,,需要申请,打开官方入口并按页面说明下载,https://isip.piconepress.com/projects/nedc/html/tuh_eeg/,,02_Biometrics_and_Disease/Epilepsy_and_Abnormalities/TUEV_TUH_Events,保留子集目录，但总时长/人数不与 TUEG 父库重复相加。
EEG-0007,排除,已下载·非独立 raw,疾病/临床,Epilepsy_and_Abnormalities,BEED,COMPLETED,否,否,,88.88888888888889,,公开/登录后下载,GitHub release/仓库说明中的官方数据入口,https://github.com/renan-cunha/BEED,,02_Biometrics_and_Disease/Epilepsy_and_Abnormalities/BEED,仅有 processed features/protocol；不计入 raw EEG 主指标。
EEG-0035,排除,已下载·TUEG 重叠,疾病/临床,Epilepsy_and_Abnormalities,TUSL (TUH Slowing),COMPLETED,否,否,27.59638888888889,27.59638888888889,,需要申请,打开官方入口并按页面说明下载,https://isip.piconepress.com/projects/nedc/html/tuh_eeg/,,02_Biometrics_and_Disease/Epilepsy_and_Abnormalities/TUSL_TUH_Slowing,保留子集目录，但总时长/人数不与 TUEG 父库重复相加。
EEG-0050,排除,已下载·非独立 raw,疾病/临床,Mental_and_Developmental_Disorders,Autism Detection Dataset,COMPLETED,否,否,,,,公开/登录后下载,打开官方入口并按页面说明下载,https://bci.med.tsinghua.edu.cn/download.html,,02_Biometrics_and_Disease/Mental_and_Developmental_Disorders/Autism_Detection_Dataset,下载内容未确认可用 EEG signal；不计入 raw EEG 主指标。
EEG-0602,舍弃,舍弃,疾病/临床,Epilepsy_and_Seizure_Monitoring,SeizeIT1,NOT_IN_SERVER_AUDIT,否,否,,5900,,当前不可获取,打开官方入口并按页面说明下载,https://rdr.kuleuven.be/dataset.xhtml?persistentId=doi:10.48804/P5Q0OJ,,02_Healthcare_and_Disease/Epilepsy_and_Seizure_Monitoring/SeizeIT1,舍弃下载：SeizeIT1 当前官方文件访问不可用；可用 SeizeIT2 替代。
EEG-0011,舍弃,舍弃,疾病/临床,Epilepsy_and_Abnormalities,EPILEPSIAE European Epilepsy Database,MANUAL_APPLICATION_OR_LOGIN,否,否,,,,需要申请,打开官方入口并按页面说明下载,https://www.epilepsiae.eu/,,02_Biometrics_and_Disease/Epilepsy_and_Abnormalities/EPILEPSIAE_European_Epilepsy_Database,舍弃下载：EPILEPSIAE 为付费/受限申请；保留目录证据，不进入本轮执行队列。
EEG-0051,舍弃,舍弃,疾病/临床,Mental_and_Developmental_Disorders,B-SNIP1,MANUAL_APPLICATION_OR_LOGIN,否,否,,,,公开/登录后下载,打开官方入口并按页面说明下载,https://nda.nih.gov/edit_collection.html?id=2274,,02_Biometrics_and_Disease/Mental_and_Developmental_Disorders/B-SNIP1,舍弃下载：NIMH NDA 登录/受控访问未能打通；保留 B-SNIP1 目录记录。
EEG-0053,舍弃,舍弃,疾病/临床,Mental_and_Developmental_Disorders,EEG Data for ADHD,MANUAL_APPLICATION_OR_LOGIN,否,否,,,,公开/登录后下载,打开官方入口并按页面说明下载,https://ieee-dataport.org/open-access/eeg-data-adhd-control-children,,02_Biometrics_and_Disease/Mental_and_Developmental_Disorders/EEG_Data_for_ADHD,舍弃下载：IEEE DataPort 需要学校订阅且当前无法取得；保留 ADHD 目录记录。
